{"cameraMode":{"drawMode":0,"name":"Shaded","section":"Shading Mode"},"sceneLighting":true,"audioPlay":false,"sceneViewState":{"showFog":true,"showMaterialUpdate":true,"showSkybox":true,"showFlares":true,"showImageEffects":true,"showParticleSystems":true},"in2DMode":false,"pivot":{"x":698.1466064453125,"y":546.238525390625,"z":-631.157958984375},"rotation":{"x":0.034792762249708179,"y":-0.0038997733499854805,"z":-0.0001357638102490455,"w":-0.9993869662284851},"size":134.7886505126953,"orthographic":false}