{"cameraMode":{"drawMode":0,"name":"Shaded","section":"Shading Mode"},"sceneLighting":true,"audioPlay":false,"sceneViewState":{"showFog":true,"showMaterialUpdate":false,"showSkybox":true,"showFlares":true,"showImageEffects":true,"showParticleSystems":true},"in2DMode":false,"pivot":{"x":137.17501831054688,"y":7.637742519378662,"z":-5.500730514526367},"rotation":{"x":-0.0007910447311587632,"y":0.7454698085784912,"z":0.0008859295048750937,"w":0.6665383577346802},"size":149.42404174804688,"orthographic":false}