{"cameraMode":{"drawMode":0,"name":"Shaded","section":"Shading Mode"},"sceneLighting":true,"audioPlay":false,"sceneViewState":{"showFog":false,"showMaterialUpdate":false,"showSkybox":false,"showFlares":false,"showImageEffects":false,"showParticleSystems":false},"in2DMode":false,"pivot":{"x":-6.404116630554199,"y":49.165626525878909,"z":121.35348510742188},"rotation":{"x":0.33056142926216128,"y":0.0014156915713101626,"z":-0.0004958616336807609,"w":0.9437832832336426},"size":81.20988464355469,"orthographic":true}