{"cameraMode":{"drawMode":0,"name":"Shaded","section":"Shading Mode"},"sceneLighting":false,"audioPlay":false,"sceneViewState":{"showFog":false,"showMaterialUpdate":false,"showSkybox":false,"showFlares":false,"showImageEffects":false,"showParticleSystems":false},"in2DMode":false,"pivot":{"x":0.0,"y":4.679999828338623,"z":44.29999923706055},"rotation":{"x":0.33056142926216128,"y":0.0014156915713101626,"z":-0.0004958616336807609,"w":0.9437832832336426},"size":4.041658401489258,"orthographic":true}