{"cameraMode":{"drawMode":0,"name":"Shaded","section":"Shading Mode"},"sceneLighting":true,"audioPlay":false,"sceneViewState":{"showFog":false,"showMaterialUpdate":false,"showSkybox":false,"showFlares":false,"showImageEffects":false,"showParticleSystems":false},"in2DMode":false,"pivot":{"x":44.928077697753909,"y":-135.6108856201172,"z":542.0418090820313},"rotation":{"x":0.23420456051826478,"y":0.06847251206636429,"z":-0.016538826748728753,"w":0.9696320295333862},"size":347.09356689453127,"orthographic":false}